-- Mod_GreatWorks
-- Author: zheng
-- DateCreated: 11/11/2021 7:39:51 PM
--------------------------------------------------------------
-- 新增音乐巨作（由Liella!伟人创作）
--------------------------------------------------------------
INSERT INTO Types
	(Type, Kind)
VALUES
	('GREATWORK_LIELLA_RECORD1',	'KIND_GREATWORK'),
	('GREATWORK_LIELLA_RECORD2',	'KIND_GREATWORK'),
	('GREATWORK_LIELLA_RECORD3',	'KIND_GREATWORK'),
	('GREATWORK_LIELLA_RECORD4',	'KIND_GREATWORK'),
	('GREATWORK_LIELLA_RECORD5',	'KIND_GREATWORK'),
	('GREATWORK_LIELLA_RECORD6',	'KIND_GREATWORK'),
	('GREATWORK_LIELLA_RECORD7',	'KIND_GREATWORK'),
	('GREATWORK_LIELLA_RECORD8',	'KIND_GREATWORK'),
	('GREATWORK_LIELLA_RECORD9',	'KIND_GREATWORK'),
	('GREATWORK_LIELLA_RECORD10',	'KIND_GREATWORK'),
	('GREATWORK_LIELLA_RECORD11',	'KIND_GREATWORK'),
	('GREATWORK_LIELLA_RECORD12',	'KIND_GREATWORK'),
	('GREATWORK_LIELLA_RECORD13',	'KIND_GREATWORK'),
	('GREATWORK_LIELLA_RECORD14',	'KIND_GREATWORK'),
	('GREATWORK_LIELLA_RECORD15',	'KIND_GREATWORK'),
	('GREATWORK_LIELLA_RECORD16',	'KIND_GREATWORK'),
	('GREATWORK_LIELLA_RECORD17',	'KIND_GREATWORK'),
	('GREATWORK_LIELLA_RECORD18',	'KIND_GREATWORK'),
	('GREATWORK_LIELLA_RECORD19',	'KIND_GREATWORK');

INSERT INTO GreatWorks
	(GreatWorkType, GreatWorkObjectType, GreatPersonIndividualType, Name, Audio, Tourism)
VALUES
	('GREATWORK_LIELLA_RECORD1',	'GREATWORKOBJECT_MUSIC',	'GREAT_PERSON_INDIVIDUAL_LIELLA_RECORD1',	'LOC_GREATWORK_LIELLA_RECORD1_NAME',	NULL,	8),
	('GREATWORK_LIELLA_RECORD2',	'GREATWORKOBJECT_MUSIC',	'GREAT_PERSON_INDIVIDUAL_LIELLA_RECORD2',	'LOC_GREATWORK_LIELLA_RECORD2_NAME',	NULL,	8),
	('GREATWORK_LIELLA_RECORD3',	'GREATWORKOBJECT_MUSIC',	'GREAT_PERSON_INDIVIDUAL_LIELLA_RECORD3',	'LOC_GREATWORK_LIELLA_RECORD3_NAME',	NULL,	8),
	('GREATWORK_LIELLA_RECORD4',	'GREATWORKOBJECT_MUSIC',	'GREAT_PERSON_INDIVIDUAL_LIELLA_RECORD4',	'LOC_GREATWORK_LIELLA_RECORD4_NAME',	NULL,	4),
	('GREATWORK_LIELLA_RECORD5',	'GREATWORKOBJECT_MUSIC',	'GREAT_PERSON_INDIVIDUAL_LIELLA_RECORD5',	'LOC_GREATWORK_LIELLA_RECORD5_NAME',	NULL,	4),
	('GREATWORK_LIELLA_RECORD6',	'GREATWORKOBJECT_MUSIC',	'GREAT_PERSON_INDIVIDUAL_LIELLA_RECORD6',	'LOC_GREATWORK_LIELLA_RECORD6_NAME',	NULL,	4),
	('GREATWORK_LIELLA_RECORD7',	'GREATWORKOBJECT_MUSIC',	'GREAT_PERSON_INDIVIDUAL_LIELLA_RECORD7',	'LOC_GREATWORK_LIELLA_RECORD7_NAME',	NULL,	4),
	('GREATWORK_LIELLA_RECORD8',	'GREATWORKOBJECT_MUSIC',	'GREAT_PERSON_INDIVIDUAL_LIELLA_RECORD8',	'LOC_GREATWORK_LIELLA_RECORD8_NAME',	NULL,	4),
	('GREATWORK_LIELLA_RECORD9',	'GREATWORKOBJECT_MUSIC',	'GREAT_PERSON_INDIVIDUAL_LIELLA_RECORD9',	'LOC_GREATWORK_LIELLA_RECORD9_NAME',	NULL,	4),
	('GREATWORK_LIELLA_RECORD10',	'GREATWORKOBJECT_MUSIC',	'GREAT_PERSON_INDIVIDUAL_LIELLA_RECORD10',	'LOC_GREATWORK_LIELLA_RECORD10_NAME',	NULL,	4),
	('GREATWORK_LIELLA_RECORD11',	'GREATWORKOBJECT_MUSIC',	'GREAT_PERSON_INDIVIDUAL_LIELLA_RECORD11',	'LOC_GREATWORK_LIELLA_RECORD11_NAME',	NULL,	4),
	('GREATWORK_LIELLA_RECORD12',	'GREATWORKOBJECT_MUSIC',	'GREAT_PERSON_INDIVIDUAL_LIELLA_RECORD12',	'LOC_GREATWORK_LIELLA_RECORD12_NAME',	NULL,	4),
	('GREATWORK_LIELLA_RECORD13',	'GREATWORKOBJECT_MUSIC',	'GREAT_PERSON_INDIVIDUAL_LIELLA_RECORD13',	'LOC_GREATWORK_LIELLA_RECORD13_NAME',	NULL,	4),
	('GREATWORK_LIELLA_RECORD14',	'GREATWORKOBJECT_MUSIC',	'GREAT_PERSON_INDIVIDUAL_LIELLA_RECORD14',	'LOC_GREATWORK_LIELLA_RECORD14_NAME',	NULL,	4),
	('GREATWORK_LIELLA_RECORD15',	'GREATWORKOBJECT_MUSIC',	'GREAT_PERSON_INDIVIDUAL_LIELLA_RECORD15',	'LOC_GREATWORK_LIELLA_RECORD15_NAME',	NULL,	4),
	('GREATWORK_LIELLA_RECORD16',	'GREATWORKOBJECT_MUSIC',	'GREAT_PERSON_INDIVIDUAL_LIELLA_RECORD16',	'LOC_GREATWORK_LIELLA_RECORD16_NAME',	NULL,	4),
	('GREATWORK_LIELLA_RECORD17',	'GREATWORKOBJECT_MUSIC',	'GREAT_PERSON_INDIVIDUAL_LIELLA_RECORD17',	'LOC_GREATWORK_LIELLA_RECORD17_NAME',	NULL,	4),
	('GREATWORK_LIELLA_RECORD18',	'GREATWORKOBJECT_MUSIC',	'GREAT_PERSON_INDIVIDUAL_LIELLA_RECORD18',	'LOC_GREATWORK_LIELLA_RECORD18_NAME',	NULL,	4),
	('GREATWORK_LIELLA_RECORD19',	'GREATWORKOBJECT_MUSIC',	'GREAT_PERSON_INDIVIDUAL_LIELLA_RECORD19',	'LOC_GREATWORK_LIELLA_RECORD19_NAME',	NULL,	4);

INSERT INTO GreatWork_YieldChanges
	(GreatWorkType, YieldType, YieldChange)
VALUES
	('GREATWORK_LIELLA_RECORD1',	'YIELD_CULTURE',	8),
	('GREATWORK_LIELLA_RECORD2',	'YIELD_CULTURE',	8),
	('GREATWORK_LIELLA_RECORD3',	'YIELD_CULTURE',	8),
	('GREATWORK_LIELLA_RECORD4',	'YIELD_CULTURE',	4),
	('GREATWORK_LIELLA_RECORD5',	'YIELD_CULTURE',	4),
	('GREATWORK_LIELLA_RECORD6',	'YIELD_CULTURE',	4),
	('GREATWORK_LIELLA_RECORD7',	'YIELD_CULTURE',	4),
	('GREATWORK_LIELLA_RECORD8',	'YIELD_CULTURE',	4),
	('GREATWORK_LIELLA_RECORD9',	'YIELD_CULTURE',	4),
	('GREATWORK_LIELLA_RECORD10',	'YIELD_CULTURE',	4),
	('GREATWORK_LIELLA_RECORD11',	'YIELD_CULTURE',	4),
	('GREATWORK_LIELLA_RECORD12',	'YIELD_CULTURE',	4),
	('GREATWORK_LIELLA_RECORD13',	'YIELD_CULTURE',	4),
	('GREATWORK_LIELLA_RECORD14',	'YIELD_CULTURE',	4),
	('GREATWORK_LIELLA_RECORD15',	'YIELD_CULTURE',	4),
	('GREATWORK_LIELLA_RECORD16',	'YIELD_CULTURE',	4),
	('GREATWORK_LIELLA_RECORD17',	'YIELD_CULTURE',	4),
	('GREATWORK_LIELLA_RECORD18',	'YIELD_CULTURE',	4),
	('GREATWORK_LIELLA_RECORD19',	'YIELD_CULTURE',	4);
