-- Mod_Leader_Abilities
-- Author: zheng
-- DateCreated: 11/9/2021 7:08:16 PM
--------------------------------------------------------------
-- 领袖能力：上海卷王
--------------------------------------------------------------
INSERT INTO TraitModifiers
	(TraitType, ModifierId)
VALUES 
	('TRAIT_LEADER_ABILITY_TANG_KEKE', 'MODIFIER_PREVENT_TANG_KEKE_GRANT_TECH_BOOST'),
	('TRAIT_LEADER_ABILITY_TANG_KEKE', 'MODIFIER_GRANT_TANG_KEKE_DISTRICT_1_PRODUCTION'),
	('TRAIT_LEADER_ABILITY_TANG_KEKE', 'MODIFIER_GRANT_TANG_KEKE_DISTRICT_2_PRODUCTION'),
	('TRAIT_LEADER_ABILITY_TANG_KEKE', 'MODIFIER_GRANT_TANG_KEKE_DISTRICT_3_PRODUCTION');

INSERT INTO Modifiers 
	(ModifierId, ModifierType, RunOnce, Permanent, NewOnly, OwnerRequirementSetId, SubjectRequirementSetId) 
VALUES 
	('MODIFIER_PREVENT_TANG_KEKE_GRANT_TECH_BOOST', 'MODIFIER_PLAYER_ADJUST_TECHNOLOGY_BOOST', 0, 0, 0, NULL, NULL),
	('MODIFIER_GRANT_TANG_KEKE_DISTRICT_1_PRODUCTION', 'MODIFIER_PLAYER_CITIES_ADJUST_DISTRICT_PRODUCTION', 0, 0, 0, NULL, NULL),
	('MODIFIER_GRANT_TANG_KEKE_DISTRICT_2_PRODUCTION', 'MODIFIER_PLAYER_CITIES_ADJUST_DISTRICT_PRODUCTION', 0, 0, 0, NULL, NULL),
	('MODIFIER_GRANT_TANG_KEKE_DISTRICT_3_PRODUCTION', 'MODIFIER_PLAYER_CITIES_ADJUST_DISTRICT_PRODUCTION', 0, 0, 0, NULL, NULL);

INSERT INTO ModifierArguments 
	(ModifierId, Name, Value) 
VALUES 
	('MODIFIER_PREVENT_TANG_KEKE_GRANT_TECH_BOOST', 'Amount', -(SELECT MIN(Boost) FROM Boosts)),
	('MODIFIER_GRANT_TANG_KEKE_DISTRICT_1_PRODUCTION', 'Amount', '100'), 
	('MODIFIER_GRANT_TANG_KEKE_DISTRICT_1_PRODUCTION', 'DistrictType', 'DISTRICT_INDUSTRIAL_ZONE'),
	('MODIFIER_GRANT_TANG_KEKE_DISTRICT_2_PRODUCTION', 'Amount', '100'), 
	('MODIFIER_GRANT_TANG_KEKE_DISTRICT_2_PRODUCTION', 'DistrictType', 'DISTRICT_CAMPUS'),
	('MODIFIER_GRANT_TANG_KEKE_DISTRICT_3_PRODUCTION', 'Amount', '100'), 
	('MODIFIER_GRANT_TANG_KEKE_DISTRICT_3_PRODUCTION', 'DistrictType', 'DISTRICT_SCHOOL_IDOL_PROJECT');
