-- Mod_Leader_Abilities
-- Author: zheng
-- DateCreated: 11/9/2021 7:08:16 PM
--------------------------------------------------------------
-- 领袖能力：上海卷王
-- 领袖能力：八达岭
-- 领袖能力：声音很好听的同学
--------------------------------------------------------------
INSERT INTO Types
	(Type, Kind)
VALUES
	('ABILITY_REDUCE_COMBAT_FROM_TANGKEKE_ABILITY2', 'KIND_ABILITY'),
	('ABILITY_REDUCE_MOVEMENT_FROM_TANGKEKE_ABILITY2', 'KIND_ABILITY'),
	('ABILITY_GRANT_COMBAT_FROM_TANGKEKE_ABILITY3', 'KIND_ABILITY'),
	('ABILITY_GRANT_MOVEMENT_FROM_TANGKEKE_ABILITY3', 'KIND_ABILITY');

INSERT INTO UnitAbilities
	(UnitAbilityType, Name, Description, Inactive, ShowFloatTextWhenEarned, Permanent)
VALUES
	('ABILITY_REDUCE_COMBAT_FROM_TANGKEKE_ABILITY2', 'LOC_ABILITY_REDUCE_COMBAT_FROM_TANGKEKE_ABILITY2_NAME', 'LOC_ABILITY_REDUCE_COMBAT_FROM_TANGKEKE_ABILITY2_DESCRIPTION', 1, 0, 1),
	('ABILITY_REDUCE_MOVEMENT_FROM_TANGKEKE_ABILITY2', 'LOC_ABILITY_REDUCE_MOVEMENT_FROM_TANGKEKE_ABILITY2_NAME', 'LOC_ABILITY_REDUCE_MOVEMENT_FROM_TANGKEKE_ABILITY2_DESCRIPTION', 1, 0, 1),
	('ABILITY_GRANT_COMBAT_FROM_TANGKEKE_ABILITY3', 'LOC_ABILITY_GRANT_COMBAT_FROM_TANGKEKE_ABILITY3_NAME', 'LOC_ABILITY_GRANT_COMBAT_FROM_TANGKEKE_ABILITY3_DESCRIPTION', 1, 0, 1),
	('ABILITY_GRANT_MOVEMENT_FROM_TANGKEKE_ABILITY3', 'LOC_ABILITY_GRANT_MOVEMENT_FROM_TANGKEKE_ABILITY3_NAME', 'LOC_ABILITY_GRANT_MOVEMENT_FROM_TANGKEKE_ABILITY3_DESCRIPTION', 1, 0, 1);

INSERT INTO TypeTags
	(Type, Tag)
VALUES
	('ABILITY_REDUCE_COMBAT_FROM_TANGKEKE_ABILITY2', 'CLASS_RECON'),
	('ABILITY_REDUCE_COMBAT_FROM_TANGKEKE_ABILITY2', 'CLASS_MELEE'),
	('ABILITY_REDUCE_COMBAT_FROM_TANGKEKE_ABILITY2', 'CLASS_RANGED'),
	('ABILITY_REDUCE_COMBAT_FROM_TANGKEKE_ABILITY2', 'CLASS_SIEGE'),
	('ABILITY_REDUCE_COMBAT_FROM_TANGKEKE_ABILITY2', 'CLASS_ANTI_CAVALRY'),
	('ABILITY_REDUCE_COMBAT_FROM_TANGKEKE_ABILITY2', 'CLASS_LIGHT_CAVALRY'),
	('ABILITY_REDUCE_COMBAT_FROM_TANGKEKE_ABILITY2', 'CLASS_HEAVY_CAVALRY'),
	('ABILITY_REDUCE_COMBAT_FROM_TANGKEKE_ABILITY2', 'CLASS_RANGED_CAVALRY'),
	('ABILITY_REDUCE_COMBAT_FROM_TANGKEKE_ABILITY2', 'CLASS_GIANT_DEATH_ROBOT'),
	('ABILITY_REDUCE_MOVEMENT_FROM_TANGKEKE_ABILITY2', 'CLASS_NAVAL_MELEE'),
	('ABILITY_REDUCE_MOVEMENT_FROM_TANGKEKE_ABILITY2', 'CLASS_NAVAL_RANGED'),
	('ABILITY_REDUCE_MOVEMENT_FROM_TANGKEKE_ABILITY2', 'CLASS_NAVAL_RAIDER'),
	('ABILITY_REDUCE_MOVEMENT_FROM_TANGKEKE_ABILITY2', 'CLASS_NAVAL_CARRIER'),
	('ABILITY_GRANT_COMBAT_FROM_TANGKEKE_ABILITY3', 'CLASS_ALL_COMBAT_UNITS'),
	('ABILITY_GRANT_MOVEMENT_FROM_TANGKEKE_ABILITY3','CLASS_ALL_UNITS');

INSERT INTO UnitAbilityModifiers
	(UnitAbilityType, ModifierId)
VALUES
	('ABILITY_REDUCE_COMBAT_FROM_TANGKEKE_ABILITY2','MODIFIER_REDUCE_COMBAT_FROM_TANGKEKE_ABILITY2'),
	('ABILITY_REDUCE_MOVEMENT_FROM_TANGKEKE_ABILITY2','MODIFIER_REDUCE_MOVEMENT_FROM_TANGKEKE_ABILITY2'),
	('ABILITY_GRANT_COMBAT_FROM_TANGKEKE_ABILITY3','MODIFIER_GRANT_COMBAT_FROM_TANGKEKE_ABILITY3'),
	('ABILITY_GRANT_MOVEMENT_FROM_TANGKEKE_ABILITY3','MODIFIER_GRANT_MOVEMENT_FROM_TANGKEKE_ABILITY3');

INSERT INTO TraitModifiers
	(TraitType, ModifierId)
VALUES 
	('TRAIT_LEADER_ABILITY_TANG_KEKE', 'MODIFIER_PREVENT_TANG_KEKE_GRANT_TECH_BOOST'),
	('TRAIT_LEADER_ABILITY_TANG_KEKE', 'MODIFIER_GRANT_TANG_KEKE_DISTRICT_1_PRODUCTION'),
	('TRAIT_LEADER_ABILITY_TANG_KEKE', 'MODIFIER_GRANT_TANG_KEKE_DISTRICT_2_PRODUCTION'),
	('TRAIT_LEADER_ABILITY_TANG_KEKE', 'MODIFIER_GRANT_TANG_KEKE_DISTRICT_3_PRODUCTION'),
	('TRAIT_LEADER_ABILITY2_TANG_KEKE', 'MODIFIER_GRANT_TANG_KEKE_UNITS_REDUCE_COMBAT_ABILITY'),
	('TRAIT_LEADER_ABILITY2_TANG_KEKE', 'MODIFIER_GRANT_TANG_KEKE_UNITS_REDUCE_MOVEMENT_ABILITY');

INSERT INTO Modifiers 
	(ModifierId, ModifierType, RunOnce, Permanent, NewOnly, OwnerRequirementSetId, SubjectRequirementSetId) 
VALUES 
	('MODIFIER_PREVENT_TANG_KEKE_GRANT_TECH_BOOST', 'MODIFIER_PLAYER_ADJUST_TECHNOLOGY_BOOST', 0, 0, 0, NULL, NULL),
	('MODIFIER_GRANT_TANG_KEKE_DISTRICT_1_PRODUCTION', 'MODIFIER_PLAYER_CITIES_ADJUST_DISTRICT_PRODUCTION', 0, 0, 0, NULL, NULL),
	('MODIFIER_GRANT_TANG_KEKE_DISTRICT_2_PRODUCTION', 'MODIFIER_PLAYER_CITIES_ADJUST_DISTRICT_PRODUCTION', 0, 0, 0, NULL, NULL),
	('MODIFIER_GRANT_TANG_KEKE_DISTRICT_3_PRODUCTION', 'MODIFIER_PLAYER_CITIES_ADJUST_DISTRICT_PRODUCTION', 0, 0, 0, NULL, NULL),
	('MODIFIER_REDUCE_COMBAT_FROM_TANGKEKE_ABILITY2', 'MODIFIER_UNIT_ADJUST_COMBAT_STRENGTH', 0, 0, 0, NULL, NULL),
	('MODIFIER_REDUCE_MOVEMENT_FROM_TANGKEKE_ABILITY2', 'MODIFIER_PLAYER_UNIT_ADJUST_MOVEMENT', 0, 0, 0, NULL, NULL),
	('MODIFIER_GRANT_TANG_KEKE_UNITS_REDUCE_COMBAT_ABILITY', 'MODIFIER_PLAYER_UNITS_GRANT_ABILITY', 0, 0, 0, NULL, NULL),
	('MODIFIER_GRANT_TANG_KEKE_UNITS_REDUCE_MOVEMENT_ABILITY', 'MODIFIER_PLAYER_UNITS_GRANT_ABILITY', 0, 0, 0, NULL, NULL),
	('MODIFIER_GRANT_COMBAT_FROM_TANGKEKE_ABILITY3', 'MODIFIER_UNIT_ADJUST_COMBAT_STRENGTH', 0, 0, 0, NULL, NULL),
	('MODIFIER_GRANT_MOVEMENT_FROM_TANGKEKE_ABILITY3', 'MODIFIER_PLAYER_UNIT_ADJUST_MOVEMENT', 0, 0, 0, NULL, NULL);

INSERT INTO ModifierArguments 
	(ModifierId, Name, Value) 
VALUES 
	('MODIFIER_PREVENT_TANG_KEKE_GRANT_TECH_BOOST', 'Amount', -(SELECT MIN(Boost) FROM Boosts)),
	('MODIFIER_GRANT_TANG_KEKE_DISTRICT_1_PRODUCTION', 'Amount', '100'), 
	('MODIFIER_GRANT_TANG_KEKE_DISTRICT_1_PRODUCTION', 'DistrictType', 'DISTRICT_INDUSTRIAL_ZONE'),
	('MODIFIER_GRANT_TANG_KEKE_DISTRICT_2_PRODUCTION', 'Amount', '100'), 
	('MODIFIER_GRANT_TANG_KEKE_DISTRICT_2_PRODUCTION', 'DistrictType', 'DISTRICT_CAMPUS'),
	('MODIFIER_GRANT_TANG_KEKE_DISTRICT_3_PRODUCTION', 'Amount', '100'), 
	('MODIFIER_GRANT_TANG_KEKE_DISTRICT_3_PRODUCTION', 'DistrictType', 'DISTRICT_SCHOOL_IDOL_PROJECT'),
	('MODIFIER_REDUCE_COMBAT_FROM_TANGKEKE_ABILITY2', 'Amount', '-5'),
	('MODIFIER_REDUCE_MOVEMENT_FROM_TANGKEKE_ABILITY2', 'Amount', '-1'),
	('MODIFIER_GRANT_TANG_KEKE_UNITS_REDUCE_COMBAT_ABILITY', 'AbilityType', 'ABILITY_REDUCE_COMBAT_FROM_TANGKEKE_ABILITY2'), 
	('MODIFIER_GRANT_TANG_KEKE_UNITS_REDUCE_COMBAT_ABILITY', 'ModifierId', 'MODIFIER_REDUCE_COMBAT_FROM_TANGKEKE_ABILITY2'),
	('MODIFIER_GRANT_TANG_KEKE_UNITS_REDUCE_MOVEMENT_ABILITY', 'AbilityType', 'ABILITY_REDUCE_MOVEMENT_FROM_TANGKEKE_ABILITY2'), 
	('MODIFIER_GRANT_TANG_KEKE_UNITS_REDUCE_MOVEMENT_ABILITY', 'ModifierId', 'MODIFIER_REDUCE_MOVEMENT_FROM_TANGKEKE_ABILITY2'),
	('MODIFIER_GRANT_COMBAT_FROM_TANGKEKE_ABILITY3', 'Amount', '10'),
	('MODIFIER_GRANT_MOVEMENT_FROM_TANGKEKE_ABILITY3', 'Amount', '2');

INSERT INTO ModifierStrings
	(ModifierId, Context, Text)
VALUES
	('MODIFIER_REDUCE_COMBAT_FROM_TANGKEKE_ABILITY2', 'Preview', 'LOC_COMBAT_PREVIEW_Modifier_reduce_combat_from_tkk_ab2'),
	('MODIFIER_GRANT_COMBAT_FROM_TANGKEKE_ABILITY3', 'Preview', 'LOC_COMBAT_PREVIEW_Modifier_grant_combat_from_tkk_ab3');